id,name,postalcode
1,Nate White,62974
2,Bryon Addison,45171
3,Gabriel Lindsay,10995
4,Russel Dobson,16706
5,Logan Oakley,99069
6,Percy Dixon,50518
7,Eduardo Woodcock,56002
8,Rick Raven,88091
9,Domenic Selby,92358
10,John Middleton,61345
11,Josh Pond,46351
12,Josh Davies,46962
13,Bryon Stanley,55437
14,Nicholas Rose,43163
15,Josh Mcgee,47590
16,Ronald Rycroft,56312
17,Hank Lewis,22352
18,Gabriel Chapman,90463
19,Hank Brooks,63332
20,Nate Beal,75097
21,Henry Evans,72198
22,Rufus Healy,63453
23,Chadwick Richardson,59388
24,Daniel Vane,78104
25,Jayden Evans,36256
26,Rick Bayliss,18494
27,Joseph Collis,90684
28,Jayden Mccall,33685
29,Leroy Willson,80324
30,Ron West,55483
31,Rufus Gardner,40915
32,Roger Rossi,41385
33,Nick Latham,12484
34,Ron Strong,61534
35,Mark Roberts,29315
36,Josh Young,31041
37,Bart Welsch,13137
38,Eduardo Fall,86267
39,Josh Sheldon,35318
40,Denny Knott,64916
41,Cedrick Overson,66038
42,Gabriel Hunt,31989
43,Mason Robinson,38780
44,Bryon Rees,56724
45,Nathan Upton,69920
46,Benny Trent,58468
47,Wade Squire,15784
48,Phillip Price,12012
49,Nathan Milner,42886
50,Liam Taylor,35850
51,Nathan Sherwood,11205
52,Rocco Mcnally,46365
53,Chadwick Skinner,64406
54,Fred Murphy,62569
55,Josh Clarke,99284
56,Sebastian Hopkinson,69763
57,Nathan York,36819
58,Liam Cox,21151
59,Matthew Wooldridge,16871
60,Phillip Benson,55718
61,Josh Woods,48257
62,Chuck Bayliss,28181
63,Chris Fall,61964
64,Gabriel Pearce,53701
65,Tyler Archer,23156
66,Hayden Allen,78802
67,Chester Victor,62517
68,Henry Roscoe,60772
69,Mike Wilson,86642
70,Gabriel Whittle,19224
71,Elijah Mcguire,81051
72,Peter Andersson,40486
73,Chad Nobbs,82123
74,Hayden Bloom,26980
75,Phillip Rogan,30087
76,Percy Sanchez,24284
77,Ryan Weldon,81953
78,Johnathan Greenwood,91219
79,Alexander Thompson,29422
80,Nate Upton,84816
81,Cedrick Warner,40429
82,Eduardo Coll,11108
83,Matthew Campbell,25267
84,Gil Avery,61457
85,Noah Farmer,24277
86,Boris Parr,54430
87,Sebastian Quinnell,90602
88,Liam Martin,46555
89,Jayden Neal,85592
90,Roger Kelly,83520
91,Julius Gilmour,41042
92,Chris Windsor,73105
93,Josh Hobbs,90686
94,Hayden Mccall,88902
95,Cedrick Cameron,71611
96,Tom Cadman,83827
97,Johnathan Marshall,66625
98,Caleb Hunt,73210
99,Wade Sanchez,17924
100,Noah Douglas,36844

